epoch,KNN,MLP,val MSE
0,0.28585858585858587,0.2836700336700337,0.06553941143951238
