epoch,KNN,MLP,NB,val MSE
9,0.0022222222222222222,0.00101010101010101,0.0026262626262626263,0.1129069880508919
7,0.0018181818181818,0.001010101010101,0.0026262626262626,0.1117949647975883
5,0.0016161616161616,0.001010101010101,0.0024242424242424,0.1122628757154255
3,0.0022222222222222,0.001010101010101,0.003030303030303,0.110380489291794
1,0.0054545454545454,0.001010101010101,0.0026262626262626,0.1042981264211221
0,0.0048484848484848,0.0018181818181818,0.0149494949494949,0.0760491979735365
