epoch,KNN,MLP,NB,val MSE
11,0.26515151515151514,0.35538720538720536,0.24326599326599327,0.04582580139274919
9,0.2385521885521885,0.3365319865319865,0.2213804713804713,0.0533298387541228
7,0.2346801346801346,0.337037037037037,0.2052188552188552,0.0591163671117269
5,0.2254208754208754,0.282996632996633,0.2151515151515151,0.0632430187709378
3,0.2427609427609427,0.2506734006734006,0.2107744107744107,0.0635107188397889
1,0.2511784511784511,0.201010101010101,0.2117845117845118,0.0637055294948826
0,0.2617845117845118,0.1306397306397306,0.2855218855218855,0.063752964582314
