epoch,KNN,Tree,RF,MLP,ADA-Boost,NB,val MSE
8,0.20824915824915824,0.18602693602693604,0.3368686868686869,0.3930976430976431,0.26245791245791245,0.2983164983164983,0.012903602898028244
7,0.2136363636363636,0.1895622895622895,0.3457912457912458,0.3841750841750841,0.2661616161616161,0.292087542087542,0.0131505682856029
6,0.2188552188552188,0.1976430976430976,0.3449494949494949,0.3843434343434343,0.2646464646464646,0.2904040404040404,0.0135937626448792
5,0.2254208754208754,0.2001683501683501,0.3505050505050505,0.3858585858585858,0.2629629629629629,0.2818181818181818,0.0142280964038564
4,0.2309764309764309,0.2057239057239057,0.351010101010101,0.402020202020202,0.273063973063973,0.2686868686868687,0.0149620112087941
3,0.2377104377104377,0.2146464646464646,0.3574074074074074,0.3964646464646464,0.2725589225589225,0.2466329966329966,0.016282253086461
2,0.2614478114478114,0.2053872053872054,0.3707070707070707,0.3927609427609427,0.2661616161616161,0.2429292929292929,0.0185828467692061
1,0.2885521885521885,0.2217171717171717,0.3762626262626262,0.4164983164983165,0.2803030303030303,0.2843434343434343,0.0277256030609192
0,0.2791245791245791,0.2255892255892256,0.3803030303030303,0.2796296296296296,0.2937710437710438,0.2974747474747474,0.0636507574118157
