epoch,KNN,MLP,NB,val MSE
3,0.0044444444444444444,0.00101010101010101,0.0036363636363636364,0.02935982787850569
1,0.0046464646464646,0.001010101010101,0.0038383838383838,0.0286916232685735
0,0.005050505050505,0.0016161616161616,0.0145454545454545,0.0741644542036788
