epoch,KNN,MLP,NB,val MSE
1,0.004646464646464647,0.00101010101010101,0.0038383838383838384,0.028691623268573524
0,0.005050505050505,0.0016161616161616,0.0145454545454545,0.0741644542036788
